statement,elicitation,committer
"Una abeja ocupada no tiene tiempo para la tristeza, lo que destaca el beneficio de mantenerse ocupada en actividades satisfactorias.",microsoft azure text translation,Dan
"Una mente sana en un cuerpo sano, por lo que tanto la aptitud mental como la física son esenciales.",microsoft azure text translation,Dan
"Una mente sana en un cuerpo sano, lo que sugiere la importancia de la aptitud mental y física.",microsoft azure text translation,Dan
"Un viaje de mil millas comienza con un solo paso, así que comience su viaje de acondicionamiento físico hoy.",microsoft azure text translation,Dan
"Un pequeño progreso cada día se suma a grandes resultados, lo que destaca la importancia de la constancia en la salud y el estado físico.",microsoft azure text translation,Dan
"Un pequeño progreso cada día se suma a grandes resultados, enfatizando la importancia de los esfuerzos diarios en la salud y el estado físico.",microsoft azure text translation,Dan
"Una imagen vale más que mil palabras, destacando el profundo impacto del arte visual.",microsoft azure text translation,Dan
"Una imagen vale más que mil palabras, por lo que las imágenes pueden transmitir un significado profundo.",microsoft azure text translation,Dan
"Una marea creciente levanta todos los barcos, lo que sugiere que las mejoras sociales benefician a todos.",microsoft azure text translation,Dan
"Una piedra rodante no recoge musgo, por lo que moverse con frecuencia puede evitar el estancamiento.",microsoft azure text translation,Dan
"Una piedra rodante no recoge musgo, lo que sugiere que aquellos que se mudan con frecuencia evitan el estancamiento.",microsoft azure text translation,Dan
"Una puntada a tiempo ahorra nueve, por lo que abordar los pequeños problemas de salud con prontitud puede prevenir problemas mayores.",microsoft azure text translation,Dan
"Una puntada a tiempo ahorra nueve, por lo que las medidas proactivas son beneficiosas.",microsoft azure text translation,Dan
"Una puntada a tiempo salva nueve, lo que sugiere que abordar los problemas a tiempo previene problemas mayores.",microsoft azure text translation,Dan
"Una olla vigilada nunca hierve, por lo que es mejor tener paciencia.",microsoft azure text translation,Dan
"Una olla vigilada nunca hierve, lo que sugiere que estar demasiado concentrado en una tarea puede hacer que se sienta más larga.",microsoft azure text translation,Dan
"Las acciones te definen, porque la gente a menudo te juzga en función de lo que haces en lugar de lo que dices.",microsoft azure text translation,Dan
Las acciones hablan más que las palabras a la hora de dar forma a los acontecimientos históricos y su impacto.,microsoft azure text translation,Dan
Las acciones hablan más que las palabras cuando se trata de mostrar compromiso.,microsoft azure text translation,Dan
"Las acciones hablan más que las palabras, ya que el comportamiento a menudo revela las verdaderas intenciones mejor que las declaraciones.",microsoft azure text translation,Dan
"Las acciones hablan más que las palabras, destacando el impacto del comportamiento en la configuración de las normas sociales.",microsoft azure text translation,Dan
"Las acciones hablan más que las palabras, lo que indica que el comportamiento proporciona información más confiable que las declaraciones verbales.",microsoft azure text translation,Dan
"Las acciones hablan más que las palabras, lo que indica que el comportamiento revela verdaderas intenciones y valores.",microsoft azure text translation,Dan
"Las acciones hablan más que las palabras, lo que indica que el comportamiento revela verdaderas intenciones.",microsoft azure text translation,Dan
"Las acciones hablan más que las palabras, reflejando tu verdadero carácter e intenciones.",microsoft azure text translation,Dan
"Las acciones hablan más que las palabras, por lo que lo que haces a menudo importa más que lo que dices.",microsoft azure text translation,Dan
"Las acciones hablan más que las palabras, lo que sugiere que el comportamiento revela el verdadero carácter y las intenciones.",microsoft azure text translation,Dan
"Adaptarse o perecer, lo que pone de manifiesto la necesidad de mantenerse al día con los avances tecnológicos.",microsoft azure text translation,Dan
"Todos los caminos conducen a Roma, indicando muchos caminos para llegar a un objetivo común.",microsoft azure text translation,Dan
"Todos los caminos conducen a Roma, lo que significa que muchos caminos pueden conducir a un objetivo común.",microsoft azure text translation,Dan
"Todo con moderación, enfatizando la importancia del equilibrio en la vida.",microsoft azure text translation,Dan
"Todo trabajo y nada de juego hace de Jack un chico aburrido, enfatizando la necesidad de equilibrar el trabajo y el ocio.",microsoft azure text translation,Dan
"Todo trabajo y nada de juego hace que Jack sea un niño aburrido, por lo que el equilibrio es importante en las actividades diarias.",microsoft azure text translation,Dan
"Todo trabajo y nada de juego hace de Jack un chico aburrido, así que equilibra el trabajo con el ocio para tener una vida plena.",microsoft azure text translation,Dan
"Una manzana al día mantiene alejado al médico, enfatizando la importancia de una alimentación saludable.",microsoft azure text translation,Dan
"Más vale prevenir que curar, lo que enfatiza el valor de las medidas proactivas.",microsoft azure text translation,Dan
"Más vale prevenir que curar, lo que enfatiza el valor de tomar precauciones.",microsoft azure text translation,Dan
"El arte y la cultura enriquecen vidas, ofrecen nuevas perspectivas e inspiran el crecimiento personal.",microsoft azure text translation,Dan
"El arte da vida al color, ilustrando su poder para mejorar y enriquecer nuestras experiencias.",microsoft azure text translation,Dan
"El arte une a las personas, fomentando las experiencias compartidas y la comprensión.",microsoft azure text translation,Dan
"El arte tiene el poder de transformar la sociedad, inspirando el cambio y desafiando las normas.",microsoft azure text translation,Dan
"El arte imita a la vida, capturando la esencia de la experiencia humana.",microsoft azure text translation,Dan
"El arte imita la vida, reflejando la realidad y las experiencias de la condición humana.",microsoft azure text translation,Dan
"El arte es un espejo de la sociedad, que refleja valores y problemas culturales.",microsoft azure text translation,Dan
"El arte es un reflejo de la sociedad, que revela valores culturales y problemas sociales.",microsoft azure text translation,Dan
"El arte es un lenguaje universal, que expresa emociones e ideas que trascienden la comunicación verbal.",microsoft azure text translation,Dan
"El arte es la mentira que nos permite darnos cuenta de la verdad, revelando significados más profundos a través de la creatividad.",microsoft azure text translation,Dan
"El arte es el alma de nuestra cultura, reflejando sus valores y creencias más profundas.",microsoft azure text translation,Dan
"El arte es atemporal, preserva las emociones y las ideas para las generaciones futuras.",microsoft azure text translation,Dan
"El arte no conoce fronteras, trasciende las barreras culturales y lingüísticas para conectar a las personas a nivel mundial.",microsoft azure text translation,Dan
El arte habla donde las palabras no pueden explicar.,microsoft azure text translation,Dan
"El arte trasciende el lenguaje, por lo que puede transmitir significado universalmente.",microsoft azure text translation,Dan
"El arte lava del alma el polvo de la vida cotidiana, ofreciendo una nueva perspectiva.",microsoft azure text translation,Dan
"La inteligencia artificial está transformando las industrias, automatizando procesos y mejorando la eficiencia.",microsoft azure text translation,Dan
"Los átomos son en su mayoría espacio vacío, que albergan electrones que orbitan alrededor de un núcleo central.",microsoft azure text translation,Dan
"La actitud lo es todo, ya que una mentalidad positiva puede influir en tu éxito y bienestar.",microsoft azure text translation,Dan
"La automatización puede mejorar la productividad, manejando tareas repetitivas con precisión.",microsoft azure text translation,Dan
"La belleza está en el ojo del espectador, por lo que el gusto artístico es subjetivo.",microsoft azure text translation,Dan
"La belleza está en el ojo del espectador, lo que sugiere que el valor estético es subjetivo.",microsoft azure text translation,Dan
"La belleza solo está en la piel, por lo que el verdadero valor se encuentra más allá de la apariencia física.",microsoft azure text translation,Dan
"Los mendigos no pueden elegir, lo que pone de relieve la necesidad de aceptar lo que está disponible.",microsoft azure text translation,Dan
"Los mendigos no pueden elegir, así que acepta lo que obtienes.",microsoft azure text translation,Dan
"Más vale prevenir que curar, abogando por la precaución para evitar arrepentimientos futuros.",microsoft azure text translation,Dan
"Más vale prevenir que curar, abogando por la precaución para evitar arrepentimientos futuros.",microsoft azure text translation,Dan
"Las aves de un mismo plumaje se juntan en bandadas, por lo que las personas a menudo se asocian con personas similares a ellas.",microsoft azure text translation,Dan
"El cambio es la única constante, por lo que la adaptabilidad es fundamental para el crecimiento personal.",microsoft azure text translation,Dan
"El carácter es lo que haces cuando nadie te está mirando, reflejando tu verdadera integridad.",microsoft azure text translation,Dan
"La consistencia es clave en matemáticas, ya que garantiza resultados confiables y repetibles.",microsoft azure text translation,Dan
"La creatividad es la inteligencia que se divierte, ilustrando la alegría en los esfuerzos artísticos.",microsoft azure text translation,Dan
"La creatividad es la inteligencia divirtiéndose, ilustrando la exploración gozosa en los esfuerzos artísticos.",microsoft azure text translation,Dan
"La creatividad no conoce límites, por lo que las expresiones culturales son ilimitadas.",microsoft azure text translation,Dan
"La creatividad requiere coraje, lo que ilustra la valentía necesaria para expresar visiones artísticas únicas.",microsoft azure text translation,Dan
"La creatividad requiere coraje, empujando a los artistas a explorar nuevos territorios.",microsoft azure text translation,Dan
La diversidad cultural es una fortaleza que enriquece a la sociedad con perspectivas y experiencias variadas.,microsoft azure text translation,Dan
"La cultura da forma a la identidad, influyendo en cómo nos vemos a nosotros mismos y al mundo que nos rodea.",microsoft azure text translation,Dan
"El ADN transporta información genética, determinando los rasgos de los organismos vivos.",microsoft azure text translation,Dan
"La danza es el lenguaje oculto del alma, que expresa emociones más allá de las palabras.",microsoft azure text translation,Dan
"Los datos son el nuevo petróleo, enfatizando el valor de la información en la era digital.",microsoft azure text translation,Dan
"Diferentes lugares tienen diferentes encantos, enfatizando los atributos únicos de cada lugar.",microsoft azure text translation,Dan
"Diferentes trazos para diferentes personas, ya que las preferencias por los lugares varían ampliamente entre las personas.",microsoft azure text translation,Dan
"Haz a los demás lo que te gustaría que te hicieran a ti, resumiendo la regla de oro de muchos sistemas de creencias.",microsoft azure text translation,Dan
No cuentes tus pollos antes de que salgan del cascarón porque los planes siempre pueden cambiar.,microsoft azure text translation,Dan
"No cuentes tus pollos antes de que salgan del cascarón, aconsejando esperar los resultados reales antes de hacer planes.",microsoft azure text translation,Dan
"No cuentes a tus pollos antes de que salgan del cascarón, aconsejando esperar ciertos resultados antes de hacer planes.",microsoft azure text translation,Dan
"No cuentes tus pollos antes de que salgan del cascarón, aconsejando esperar los resultados antes de hacer planes.",microsoft azure text translation,Dan
"No pongas todos los huevos en la misma canasta, aconsejando no arriesgarlo todo en una sola empresa.",microsoft azure text translation,Dan
"No dejes para mañana lo que puedes hacer hoy, enfatizando la importancia de actuar con prontitud.",microsoft azure text translation,Dan
"Acostarse temprano y levantarse temprano hace que un hombre sea sano, rico y sabio.",microsoft azure text translation,Dan
"Al este o al oeste, el hogar es lo mejor, destacando la comodidad del propio hogar.",microsoft azure text translation,Dan
"Al este o al oeste, el hogar es lo mejor, destacando la comodidad del propio hogar.",microsoft azure text translation,Dan
"La educación es la piedra angular de una sociedad próspera, que fomenta ciudadanos informados y comprometidos.",microsoft azure text translation,Dan
"La eficiencia es clave en la tecnología, ya que maximiza la producción y minimiza el esfuerzo y los recursos.",microsoft azure text translation,Dan
"La energía no puede ser creada ni destruida, solo transformada, de acuerdo con la ley de conservación de la energía.",microsoft azure text translation,Dan
"La igualdad es el alma de la libertad, ya que garantiza un trato justo y oportunidades para todos.",microsoft azure text translation,Dan
"Las ecuaciones son el equilibrio entre la lógica y la creatividad, resolviendo problemas a través del razonamiento estructurado.",microsoft azure text translation,Dan
"Las ecuaciones equilibran la lógica y la creatividad, resolviendo problemas a través del razonamiento estructurado.",microsoft azure text translation,Dan
"Los errores son los portales de descubrimiento, lo que demuestra que los errores pueden conducir a nuevos conocimientos.",microsoft azure text translation,Dan
"Cada nube tiene un lado positivo, lo que sugiere que siempre hay algo positivo en cada situación difícil.",microsoft azure text translation,Dan
"Toda innovación viene con sus desafíos, que requieren una cuidadosa consideración y adaptación.",microsoft azure text translation,Dan
"Cada mapa cuenta una historia, ilustrando la rica historia y cultura de los lugares.",microsoft azure text translation,Dan
"Cada imagen cuenta una historia, enfatizando el poder narrativo del arte visual.",microsoft azure text translation,Dan
"Cada imagen cuenta una historia, por lo que las imágenes pueden comunicar ideas complejas.",microsoft azure text translation,Dan
"Cada problema tiene una solución, fomentando un enfoque metódico para la resolución de problemas en matemáticas.",microsoft azure text translation,Dan
"Cada ascenso tiene una caída, lo que refleja la naturaleza cíclica de los acontecimientos históricos.",microsoft azure text translation,Dan
"Cada herramienta tiene su propósito, destacando la importancia de seleccionar la tecnología adecuada para la tarea.",microsoft azure text translation,Dan
"La evolución explica la diversidad de la vida, mostrando cómo las especies se adaptan con el tiempo.",microsoft azure text translation,Dan
"Haga ejercicio diariamente para tener un corazón sano, enfatizando la importancia de la actividad física regular.",microsoft azure text translation,Dan
"El ejercicio es la clave para la salud a largo plazo, por lo que los entrenamientos regulares son esenciales.",microsoft azure text translation,Dan
"La fe puede mover montañas, enfatizando el poder de las creencias fuertes.",microsoft azure text translation,Dan
"La fe es un viaje, no un destino, que enfatiza el proceso continuo de crecimiento espiritual.",microsoft azure text translation,Dan
"La fe no es creencia sin pruebas, sino confianza sin reservas.",microsoft azure text translation,Dan
La fe es dar el primer paso incluso cuando no se ve toda la escalera.,microsoft azure text translation,Dan
"La fe es la certeza de lo que se espera, la certeza de lo que no se ve.",microsoft azure text translation,Dan
"La fe sin obras está muerta, enfatizando la necesidad de acciones que acompañen a las creencias.",microsoft azure text translation,Dan
"La familiaridad engendra desprecio, lo que indica que conocer demasiado bien un lugar puede disminuir su atractivo.",microsoft azure text translation,Dan
"La familiaridad engendra desprecio, por lo que conocer demasiado bien un lugar puede disminuir su atractivo.",microsoft azure text translation,Dan
"El fitness no es un destino, es una forma de vida, enfatizando la importancia del compromiso continuo con la salud.",microsoft azure text translation,Dan
"El fitness no es un destino, es una forma de vida, que fomenta el compromiso continuo con la salud.",microsoft azure text translation,Dan
"Para cada acción, hay una reacción igual y opuesta, como se describe en la Tercera Ley del Movimiento de Newton.",microsoft azure text translation,Dan
"Dale a un hombre un pescado y le darás de comer por un día; Enséñale a un hombre a pescar y lo alimentarás para toda la vida, enfatizando la importancia del empoderamiento.",microsoft azure text translation,Dan
"Dios ayuda a los que se ayudan a sí mismos, fomentando la autosuficiencia y el esfuerzo.",microsoft azure text translation,Dan
"Dios se mueve de maneras misteriosas, enfatizando la naturaleza insondable de las acciones divinas.",microsoft azure text translation,Dan
"Las cosas buenas llegan a aquellos que sudan, enfatizando los beneficios del trabajo duro en el fitness.",microsoft azure text translation,Dan
"Los grandes acontecimientos proyectan sus sombras ante ellos, indicando signos de cambios significativos en el futuro.",microsoft azure text translation,Dan
"Los grandes acontecimientos proyectan sus sombras ante ellos, indicando los signos de los cambios significativos que se avecinan.",microsoft azure text translation,Dan
"La salud es riqueza, lo que destaca la importancia de mantener una buena salud para una vida rica.",microsoft azure text translation,Dan
"La salud es riqueza, por lo que es fundamental priorizar el bienestar.",microsoft azure text translation,Dan
"Los hábitos saludables cultivan una vida sana, destacando la importancia de las rutinas diarias.",microsoft azure text translation,Dan
"Los hábitos saludables cultivan una vida saludable, subrayando la importancia de las rutinas diarias.",microsoft azure text translation,Dan
"La retrospectiva es 20/20, por lo que los eventos históricos a menudo se entienden con mayor claridad después de que ocurren.",microsoft azure text translation,Dan
"La retrospectiva es 20/20, lo que sugiere que la comprensión de los eventos históricos es más clara después de que ocurren.",microsoft azure text translation,Dan
"La historia no se repite, pero a menudo rima, reflejando patrones recurrentes.",microsoft azure text translation,Dan
"La historia no se repite, pero a menudo rima, reflejando los patrones matizados en los eventos históricos.",microsoft azure text translation,Dan
"La historia es un vasto sistema de alerta temprana, que ofrece lecciones para el futuro.",microsoft azure text translation,Dan
"La historia es un vasto sistema de alerta temprana, que proporciona lecciones para evitar los errores del pasado.",microsoft azure text translation,Dan
"La historia la escriben los vencedores, lo que pone de manifiesto el sesgo de las narrativas históricas.",microsoft azure text translation,Dan
"La historia la escriben los vencedores, revelando una perspectiva sesgada.",microsoft azure text translation,Dan
"La historia a menudo se repite, lo que pone de relieve la naturaleza cíclica de los acontecimientos humanos.",microsoft azure text translation,Dan
"La historia a menudo se repite, lo que indica patrones similares en diferentes épocas.",microsoft azure text translation,Dan
"La historia repite lo que no reparamos, enfatizando la necesidad de aprender de los errores del pasado.",microsoft azure text translation,Dan
"La historia tiende a repetirse, por lo que comprender los eventos pasados es crucial.",microsoft azure text translation,Dan
"El hogar es donde está el corazón, lo que indica que tu verdadero hogar está determinado por el lugar donde te sientes más conectado.",microsoft azure text translation,Dan
"El hogar es donde está el corazón, por lo que tu verdadero hogar está con las personas que amas.",microsoft azure text translation,Dan
"La honestidad es la mejor política, enfatizando la importancia de ser sincero con uno mismo y con los demás.",microsoft azure text translation,Dan
"La honestidad es la mejor política, así que esfuérzate siempre por ser sincero contigo mismo y con los demás.",microsoft azure text translation,Dan
"Pienso, luego existo, enfatizando el vínculo entre el pensamiento y la existencia.",microsoft azure text translation,Dan
"La imitación es la forma más sincera de adulación, que indica admiración a través de la mímica en las expresiones artísticas.",microsoft azure text translation,Dan
"La imitación es la forma más sincera de adulación, por lo que copiar a menudo muestra admiración.",microsoft azure text translation,Dan
"En matemáticas, la consistencia es clave, ya que garantiza resultados confiables y repetibles.",microsoft azure text translation,Dan
"En matemáticas, cada acción tiene una reacción, reflejando los principios de causa y efecto.",microsoft azure text translation,Dan
"En la tecnología, el cambio es la única constante, que impulsa la evolución y la adaptación continuas.",microsoft azure text translation,Dan
"La innovación distingue entre un líder y un seguidor, enfatizando el papel de la creatividad en el progreso tecnológico.",microsoft azure text translation,Dan
"La innovación impulsa el progreso, ampliando los límites de lo que es posible.",microsoft azure text translation,Dan
"La innovación requiere asumir riesgos, ya que los avances a menudo provienen de aventurarse en lo desconocido.",microsoft azure text translation,Dan
"Se necesita una aldea para criar a un niño, lo que enfatiza la importancia del apoyo de la comunidad en la crianza.",microsoft azure text translation,Dan
"Se necesita una aldea para criar a un niño, lo que enfatiza la importancia del apoyo de la comunidad.",microsoft azure text translation,Dan
"Es un mundo pequeño, que destaca las sorprendentes conexiones y encuentros en diferentes lugares.",microsoft azure text translation,Dan
"En general, se entiende que la honestidad es la mejor política para generar confianza con los demás.",microsoft azure text translation,Dan
"Es el pensamiento lo que cuenta, destacando la importancia de la intención en nuestras acciones.",microsoft azure text translation,Dan
"No juzguéis, para que no seáis juzgados, recordándonos la importancia de la compasión y la comprensión.",microsoft azure text translation,Dan
"La justicia demorada es justicia denegada, lo que enfatiza la necesidad de procesos legales oportunos.",microsoft azure text translation,Dan
"Conócete a ti mismo, ya que la autoconciencia es clave para el crecimiento personal.",microsoft azure text translation,Dan
"Conoce tu valor, porque el respeto por ti mismo moldea la forma en que los demás te perciben y te tratan.",microsoft azure text translation,Dan
"El conocimiento comienza con el asombro, lo que impulsa la búsqueda de una comprensión más profunda.",microsoft azure text translation,Dan
"El conocimiento es poder, enfatizando el valor del aprendizaje y la comprensión.",microsoft azure text translation,Dan
"Aprender de los errores es crucial para el desarrollo personal, ya que los errores proporcionan lecciones valiosas.",microsoft azure text translation,Dan
"Déjate llevar y deja que Dios, sugiriendo confianza en un poder superior para guiar tu camino.",microsoft azure text translation,Dan
"Deja que tu conciencia sea tu guía, enfatizando el papel de la brújula moral interna en la toma de decisiones.",microsoft azure text translation,Dan
"Deja que tu conciencia sea tu guía, enfatizando el papel de la brújula moral interna en la toma de decisiones.",microsoft azure text translation,Dan
"La vida imita al arte, sugiriendo que las obras creativas influyen en la realidad.",microsoft azure text translation,Dan
"La luz viaja más rápido que el sonido, lo que explica por qué vemos los relámpagos antes de oír los truenos.",microsoft azure text translation,Dan
"Escuche a su cuerpo, ya que a menudo le indica lo que necesita para una salud óptima.",microsoft azure text translation,Dan
"La lógica es el principio de la sabiduría, que guía el pensamiento claro y razonado.",microsoft azure text translation,Dan
"La lógica te llevará de A a B, mostrando la importancia del pensamiento racional en la resolución de problemas.",microsoft azure text translation,Dan
"Mire antes de saltar, advirtiendo que debe considerar las consecuencias antes de actuar.",microsoft azure text translation,Dan
"El tiempo perdido nunca se vuelve a encontrar, enfatizando la importancia de valorar los momentos pasados en varios lugares.",microsoft azure text translation,Dan
"El hombre propone, Dios dispone, subrayando la creencia de que un poder superior controla en última instancia los resultados.",microsoft azure text translation,Dan
"Muchas manos facilitan el trabajo, por lo que el trabajo en equipo simplifica las tareas complejas.",microsoft azure text translation,Dan
"Las matemáticas son un lenguaje universal, que proporciona un terreno común para el entendimiento entre culturas.",microsoft azure text translation,Dan
"Las matemáticas son el alfabeto con el que se escribe el universo, proporcionando el marco para comprender las leyes naturales.",microsoft azure text translation,Dan
"Las matemáticas son la columna vertebral de la ciencia, ya que proporcionan las herramientas para el análisis y el descubrimiento cuantitativos.",microsoft azure text translation,Dan
"Las matemáticas son la base de todas las ciencias, ya que proporcionan herramientas cruciales para comprender el mundo.",microsoft azure text translation,Dan
"Las matemáticas son el lenguaje del universo, que nos permite comprender los fenómenos naturales.",microsoft azure text translation,Dan
"Las matemáticas son el lenguaje del universo, que nos ayuda a entender los fenómenos naturales.",microsoft azure text translation,Dan
"Las matemáticas son la reina de las ciencias, formando la base de muchos avances científicos.",microsoft azure text translation,Dan
"Las matemáticas proporcionan el modelo para el razonamiento lógico, lo que nos permite resolver problemas complejos de manera sistemática.",microsoft azure text translation,Dan
"Las matemáticas revelan patrones ocultos, desvelando los secretos de los sistemas complejos.",microsoft azure text translation,Dan
"La materia está compuesta de átomos, los componentes fundamentales del universo.",microsoft azure text translation,Dan
"La mente sobre la materia, enfatizando el papel de la fuerza mental en el logro de la salud física.",microsoft azure text translation,Dan
"La mente sobre la materia, por lo que la fuerza mental a menudo mejora el rendimiento físico.",microsoft azure text translation,Dan
La música es el lenguaje universal que conecta a las personas a través de las culturas.,microsoft azure text translation,Dan
"La música habla más que las palabras, transmitiendo emociones e ideas más allá de la expresión verbal.",microsoft azure text translation,Dan
"La naturaleza aborrece el vacío, que impulsa el movimiento constante de la materia y la energía.",microsoft azure text translation,Dan
"La necesidad es la madre de la invención, que impulsa los avances tecnológicos.",microsoft azure text translation,Dan
"La necesidad es la madre de la invención, ya que fomenta la innovación para satisfacer las necesidades.",microsoft azure text translation,Dan
"Ningún hombre es una isla, lo que enfatiza la interconexión de los individuos dentro de una sociedad.",microsoft azure text translation,Dan
"Ningún hombre es una isla, lo que enfatiza la interconexión de las personas dentro de la sociedad.",microsoft azure text translation,Dan
"Sin dolor, no hay ganancia, enfatizando el esfuerzo requerido para lograr resultados significativos.",microsoft azure text translation,Dan
"Sin dolor, no hay ganancia, enfatizando la importancia del esfuerzo en el logro de los objetivos de acondicionamiento físico.",microsoft azure text translation,Dan
"Sin dolor, no hay ganancia, por lo que el esfuerzo es esencial para lograr resultados valiosos.",microsoft azure text translation,Dan
"Los números no mienten, enfatizando la confiabilidad de la evidencia matemática.",microsoft azure text translation,Dan
"Los números no mienten, por lo que la evidencia estadística suele ser confiable.",microsoft azure text translation,Dan
"El orden nace de la lógica, asegurando un razonamiento estructurado y coherente.",microsoft azure text translation,Dan
"La paciencia es una virtud, y practicarla puede conducir a relaciones más sólidas y mejores decisiones.",microsoft azure text translation,Dan
"Los patrones hacen que las matemáticas sean hermosas, ya que revelan estructuras y relaciones subyacentes.",microsoft azure text translation,Dan
"Los patrones hacen que las matemáticas sean hermosas, revelando estructuras y relaciones subyacentes.",microsoft azure text translation,Dan
"La percepción es la realidad, lo que sugiere que la forma en que vemos el mundo da forma a nuestras experiencias.",microsoft azure text translation,Dan
"El crecimiento personal comienza fuera de tu zona de confort, desafiándote a enfrentarte a nuevas experiencias.",microsoft azure text translation,Dan
"La fotosíntesis convierte la luz solar en energía química, sustentando la vida vegetal.",microsoft azure text translation,Dan
"El poder tiende a corromper, y el poder absoluto corrompe absolutamente, lo que ilustra los peligros de la autoridad sin control.",microsoft azure text translation,Dan
"La práctica hace al maestro, destacando el valor del esfuerzo constante y la mejora.",microsoft azure text translation,Dan
"La práctica hace al maestro, lo que indica que el esfuerzo constante mejora las habilidades y los resultados.",microsoft azure text translation,Dan
"La práctica hace al maestro, lo que indica que el esfuerzo constante mejora las habilidades y el rendimiento.",microsoft azure text translation,Dan
"La práctica hace al maestro, lo que indica que el esfuerzo constante mejora las habilidades.",microsoft azure text translation,Dan
"La práctica hace al maestro, por lo que el ejercicio constante mejora el rendimiento en la salud y el estado físico.",microsoft azure text translation,Dan
"La práctica hace al maestro, por lo que es importante seguir intentándolo.",microsoft azure text translation,Dan
"La práctica hace al maestro, por lo que el esfuerzo regular es clave para dominar cualquier habilidad.",microsoft azure text translation,Dan
"Más vale prevenir que curar, por lo que es aconsejable tomar medidas para mantener una buena salud.",microsoft azure text translation,Dan
"Más vale prevenir que curar, y se subraya la importancia de las medidas sanitarias preventivas.",microsoft azure text translation,Dan
"Más vale prevenir que curar, lo que sugiere medidas proactivas para el bienestar de la sociedad.",microsoft azure text translation,Dan
"La prueba está en el pudín, lo que indica que los resultados validan la precisión del razonamiento.",microsoft azure text translation,Dan
"La demostración es el corazón de las matemáticas, ya que establece la validez de las teorías y proposiciones.",microsoft azure text translation,Dan
"El descanso y la recuperación son tan importantes como el ejercicio, esencial para mantener la salud en general.",microsoft azure text translation,Dan
"El descanso y la recuperación son tan importantes como el ejercicio, ya que ayudan a mantener la salud en general.",microsoft azure text translation,Dan
"Las revoluciones no se hacen de la noche a la mañana, lo que pone de relieve que los cambios históricos significativos tardan en desarrollarse.",microsoft azure text translation,Dan
"Las revoluciones no se hacen de la noche a la mañana, lo que indica que los cambios históricos significativos tardan en desarrollarse.",microsoft azure text translation,Dan
"Roma no se construyó en un día, lo que enfatiza que los grandes logros requieren tiempo y esfuerzo.",microsoft azure text translation,Dan
"Roma no se construyó en un día, enfatizando que los grandes logros requieren tiempo y persistencia.",microsoft azure text translation,Dan
"Roma no se construyó en un día, por lo que los grandes logros llevan tiempo.",microsoft azure text translation,Dan
"Roma no se construyó en un día, por lo que lograr grandes cosas requiere tiempo y persistencia.",microsoft azure text translation,Dan
"Ver para creer, enfatizando la confianza depositada en la observación directa.",microsoft azure text translation,Dan
"Ver para creer, lo que pone de relieve la importancia de la experiencia directa en la formación de las creencias.",microsoft azure text translation,Dan
"Ver para creer, por lo que es crucial verificar los hechos por ti mismo.",microsoft azure text translation,Dan
"Ver para creer, lo que sugiere que la observación directa es una forma confiable de formar creencias.",microsoft azure text translation,Dan
"El autocuidado no es egoísta, porque mantener tu bienestar es crucial.",microsoft azure text translation,Dan
"El autocuidado no es egoísta, lo que subraya la importancia de priorizar su propio bienestar.",microsoft azure text translation,Dan
"La autorreflexión es clave para comprender tus fortalezas y debilidades, fomentando el crecimiento personal.",microsoft azure text translation,Dan
"Las soluciones simples a menudo resuelven problemas complejos, lo que ilustra la efectividad de la Navaja de Occam.",microsoft azure text translation,Dan
"Lento y constante gana la carrera, por lo que es importante ser constante.",microsoft azure text translation,Dan
"Las pequeñas mejoras diarias a lo largo del tiempo conducen a resultados sorprendentes, enfatizando la importancia de la consistencia en la salud.",microsoft azure text translation,Dan
"Los pequeños pasos conducen a grandes saltos, ya que las innovaciones incrementales impulsan avances tecnológicos significativos.",microsoft azure text translation,Dan
"Los pequeños pasos marcan una gran diferencia, destacando los beneficios acumulativos de los hábitos saludables constantes.",microsoft azure text translation,Dan
"El cambio social a menudo comienza con una sola voz, lo que demuestra el poder de la acción individual.",microsoft azure text translation,Dan
"El progreso de la sociedad depende de las contribuciones individuales, lo que demuestra el poder de la acción colectiva.",microsoft azure text translation,Dan
"Las historias son el tejido de la cultura, tejiendo memorias y valores colectivos.",microsoft azure text translation,Dan
"Las historias unen a las personas, fomentando el entendimiento cultural compartido.",microsoft azure text translation,Dan
"La fuerza de los números, lo que indica que la acción colectiva a menudo produce resultados más significativos.",microsoft azure text translation,Dan
"Golpee mientras la plancha está caliente, enfatizando la importancia de una acción oportuna.",microsoft azure text translation,Dan
La supervivencia del más apto explica cómo evolucionan las especies a través de la selección natural.,microsoft azure text translation,Dan
"El trabajo en equipo hace que el sueño funcione, subrayando el valor de la colaboración.",microsoft azure text translation,Dan
"El trabajo en equipo hace que el sueño funcione, subrayando el valor del esfuerzo colaborativo.",microsoft azure text translation,Dan
"Las mejoras tecnológicas agilizan la vida cotidiana, simplificando las tareas y mejorando la eficiencia.",microsoft azure text translation,Dan
"La tecnología cierra las brechas, conectando a las personas a través de grandes distancias.",microsoft azure text translation,Dan
"La tecnología es un sirviente útil pero un amo peligroso, lo que enfatiza la necesidad de un uso responsable.",microsoft azure text translation,Dan
"La tecnología debe mejorar la vida, aumentando la comodidad, la eficiencia y las oportunidades.",microsoft azure text translation,Dan
"La Tierra orbita alrededor del Sol, demostrando el modelo heliocéntrico de nuestro sistema solar.",microsoft azure text translation,Dan
"El Señor obra de maneras misteriosas, reconociendo que las acciones divinas pueden estar más allá de la comprensión humana.",microsoft azure text translation,Dan
"El arco de la historia es largo, pero se inclina hacia la justicia, lo que sugiere una tendencia gradual pero positiva en el progreso histórico.",microsoft azure text translation,Dan
"El papel del artista es perturbar lo cómodo y consolar a lo perturbado, desafiando las normas sociales.",microsoft azure text translation,Dan
"Las artes son el alma de nuestra cultura, reflejando sus valores y creencias más profundas.",microsoft azure text translation,Dan
"La belleza de las matemáticas está en su simplicidad, revelando principios básicos que explican fenómenos complejos.",microsoft azure text translation,Dan
"La belleza de las matemáticas está en su simplicidad, revelando verdades complejas a través de principios básicos.",microsoft azure text translation,Dan
"El mejor arte habla de la experiencia humana universal, resonando en diversas audiencias.",microsoft azure text translation,Dan
"El pájaro que madruga atrapa al gusano, por lo que es mejor comenzar el día temprano.",microsoft azure text translation,Dan
"El pájaro madrugador atrapa al gusano, por lo que comenzar sus tareas temprano puede conducir a mejores resultados.",microsoft azure text translation,Dan
"El pájaro madrugador atrapa al gusano, lo que enfatiza los beneficios de comenzar las tareas temprano.",microsoft azure text translation,Dan
"El pájaro madrugador atrapa al gusano, lo que sugiere que el comportamiento proactivo conduce a mejores resultados.",microsoft azure text translation,Dan
"El fin justifica los medios, sugiriendo que los resultados pueden validar las acciones emprendidas para alcanzarlos.",microsoft azure text translation,Dan
"La vida examinada conduce a la sabiduría, abogando por la autorreflexión.",microsoft azure text translation,Dan
"La fuerza de la gravedad atrae a los objetos unos hacia otros, dando forma a la estructura del universo.",microsoft azure text translation,Dan
"El futuro es ahora, lo que ilustra el rápido ritmo de los avances tecnológicos.",microsoft azure text translation,Dan
"La hierba siempre es más verde al otro lado, lo que ilustra el encanto de los lugares lejanos.",microsoft azure text translation,Dan
"La hierba siempre es más verde del otro lado, lo que implica que a menudo creemos que las situaciones de los demás son mejores que las nuestras.",microsoft azure text translation,Dan
"La hierba siempre es más verde al otro lado, por lo que es fácil sentir envidia.",microsoft azure text translation,Dan
"El césped siempre es más verde al otro lado, por lo que otros lugares pueden parecer más atractivos de lo que son.",microsoft azure text translation,Dan
"El bien común a menudo guía las decisiones de la sociedad, con el objetivo de beneficiar a la mayoría.",microsoft azure text translation,Dan
"La mayor riqueza es vivir contento con poco, destacando el valor de la sencillez.",microsoft azure text translation,Dan
"Cuanto más trabajas, más suerte tienes, enfatizando la conexión entre el esfuerzo y el éxito.",microsoft azure text translation,Dan
"Cuanto más trabajas, más suerte tienes, enfatizando el vínculo entre el esfuerzo y el éxito.",microsoft azure text translation,Dan
"Internet ha convertido el mundo en una aldea global, conectando a las personas y la información de forma instantánea.",microsoft azure text translation,Dan
"El viaje es más importante que el destino, destacando el valor de las experiencias por encima de los objetivos finales.",microsoft azure text translation,Dan
"El viaje es parte del destino, enfatizando el valor de las experiencias de viaje.",microsoft azure text translation,Dan
"El viaje de mil millas comienza con un solo paso, destacando la importancia de comenzar sus viajes.",microsoft azure text translation,Dan
"El reino de los cielos está dentro de ti, resaltando la naturaleza interna de la realización espiritual.",microsoft azure text translation,Dan
Las leyes de la naturaleza son universales y gobiernan el comportamiento de la materia y la energía en todas partes.,microsoft azure text translation,Dan
"La mente lo es todo; Lo que piensas, te conviertes, destacando el poder de los pensamientos.",microsoft azure text translation,Dan
"Cuanto más cambian las cosas, más permanecen igual, destacando temas recurrentes en la historia.",microsoft azure text translation,Dan
"Cuanto más cambian las cosas, más permanecen igual, lo que apunta a temas recurrentes en la historia.",microsoft azure text translation,Dan
"Cuanto más sabes, más te das cuenta de lo mucho que no sabes, lo que refleja la naturaleza ilimitada del conocimiento.",microsoft azure text translation,Dan
"Cuanto más entiendes, menos temes, lo que fomenta la búsqueda del conocimiento.",microsoft azure text translation,Dan
"Cuanto más entiendes, menos temes, destacando el poder del conocimiento y el razonamiento lógico.",microsoft azure text translation,Dan
"La única constante en la vida es el cambio, instando a la adaptabilidad y la aceptación.",microsoft azure text translation,Dan
"La única sabiduría verdadera está en saber que no sabes nada, fomentando la humildad y el aprendizaje continuo.",microsoft azure text translation,Dan
"El pasado nunca está muerto; Ni siquiera es pasado, lo que refleja la influencia duradera de los acontecimientos históricos en el presente.",microsoft azure text translation,Dan
"El pasado es el prólogo, lo que indica que los acontecimientos históricos preparan el escenario para los desarrollos futuros.",microsoft azure text translation,Dan
"El pasado es el prólogo, lo que sugiere que la historia prepara el escenario para eventos futuros.",microsoft azure text translation,Dan
"La pluma es más poderosa que la espada, ya que los escritos han influido significativamente en los acontecimientos históricos.",microsoft azure text translation,Dan
"La pluma es más poderosa que la espada, destacando la influencia de la comunicación y las ideas.",microsoft azure text translation,Dan
"La pluma es más poderosa que la espada, por lo que la escritura puede ser más poderosa que la violencia.",microsoft azure text translation,Dan
"La tabla periódica organiza los elementos por su número atómico, revelando patrones en las propiedades químicas.",microsoft azure text translation,Dan
"El presente da forma al futuro, ya que las acciones actuales influyen en los resultados históricos.",microsoft azure text translation,Dan
"La prueba está en el pudín, lo que significa que la validez de algo puede determinarse por sus resultados o desenlaces.",microsoft azure text translation,Dan
"El camino al infierno está empedrado de buenas intenciones, poniendo de relieve las consecuencias no deseadas en las políticas sociales.",microsoft azure text translation,Dan
La segunda ley de la termodinámica establece que la entropía en un sistema aislado siempre aumenta.,microsoft azure text translation,Dan
"La distancia más corta entre dos puntos es una línea recta, lo que ilustra un principio básico de la geometría.",microsoft azure text translation,Dan
"La distancia más corta entre dos puntos es una línea recta, lo que ilustra un concepto fundamental de la geometría.",microsoft azure text translation,Dan
"El espectáculo debe continuar, destacando la resiliencia de las artes escénicas a pesar de los desafíos.",microsoft azure text translation,Dan
"El espectáculo debe continuar, sin importar los obstáculos que se enfrenten.",microsoft azure text translation,Dan
"La velocidad de la luz en el vacío es constante, formando una piedra angular de la teoría de la relatividad de Einstein.",microsoft azure text translation,Dan
"El espíritu está dispuesto, pero la carne es débil, lo que pone de relieve la lucha entre la intención y la acción.",microsoft azure text translation,Dan
"La rueda chirriante se engrasa, lo que ilustra cómo las demandas vocales pueden conducir al cambio social.",microsoft azure text translation,Dan
"La vida no examinada no vale la pena ser vivida, lo que fomenta una profunda autorreflexión.",microsoft azure text translation,Dan
"El universo se está expandiendo, una observación fundamental de la cosmología.",microsoft azure text translation,Dan
"El viaje de descubrimiento no está en buscar nuevos paisajes, sino en tener nuevos ojos.",microsoft azure text translation,Dan
"El ciclo del agua es esencial para la vida en la Tierra, ya que recicla el agua a través de la evaporación, la condensación y la precipitación.",microsoft azure text translation,Dan
"El todo es mayor que la suma de sus partes, lo que ilustra la sinergia en la teoría de sistemas.",microsoft azure text translation,Dan
"El todo es mayor que la suma de sus partes, lo que ilustra la sinergia en la teoría de sistemas.",microsoft azure text translation,Dan
"Los ganadores escriben la historia, demostrando que las narrativas históricas a menudo reflejan la perspectiva de los vencedores.",microsoft azure text translation,Dan
"Los ganadores escriben la historia, por lo que es esencial considerar múltiples perspectivas.",microsoft azure text translation,Dan
"El mundo es un lugar pequeño, por lo que a menudo encuentras conexiones en los lugares más inesperados.",microsoft azure text translation,Dan
"El mundo es tu ostra, que ofrece infinitas oportunidades para la exploración.",microsoft azure text translation,Dan
"El mundo es tu ostra, que ofrece oportunidades ilimitadas para la exploración.",microsoft azure text translation,Dan
"No hay lugar como el hogar, enfatizando la comodidad única del propio entorno.",microsoft azure text translation,Dan
"No hay lugar como el hogar, enfatizando la comodidad única y la familiaridad del propio entorno.",microsoft azure text translation,Dan
"Aquellos que no pueden recordar el pasado están condenados a repetirlo, lo que subraya la importancia de la conciencia histórica.",microsoft azure text translation,Dan
"Aquellos que no aprenden de la historia están condenados a repetirla, subrayando la importancia del conocimiento histórico.",microsoft azure text translation,Dan
Quien no aprende de la historia está condenado a repetirla.,microsoft azure text translation,Dan
"Aquellos que no conocen la historia están destinados a repetirla, subrayando la importancia del conocimiento histórico.",microsoft azure text translation,Dan
"El tiempo vuela cuando te diviertes, por lo que las actividades agradables parecen pasar rápidamente.",microsoft azure text translation,Dan
"El tiempo cura todas las heridas, lo que sugiere que los acontecimientos históricos pueden ser reevaluados con la distancia.",microsoft azure text translation,Dan
"El tiempo es dinero, lo que indica que el tiempo debe usarse de manera eficiente y productiva.",microsoft azure text translation,Dan
"Los tiempos cambian y nosotros cambiamos con ellos, destacando la adaptabilidad humana a través de la historia.",microsoft azure text translation,Dan
"Los tiempos cambian y nosotros cambiamos con ellos, reflejando la adaptabilidad humana a través de períodos históricos.",microsoft azure text translation,Dan
"Ser es hacer, subrayando la importancia de las acciones en la definición de la propia existencia.",microsoft azure text translation,Dan
"Creer es ver, lo que indica el poder de la fe en la formación de la percepción.",microsoft azure text translation,Dan
"A cada uno lo suyo, ya que cada uno tiene gustos únicos en lugares y destinos.",microsoft azure text translation,Dan
"Conocerse a sí mismo es el comienzo de toda sabiduría, enfatizando la importancia de la autoconciencia.",microsoft azure text translation,Dan
"Sé fiel a ti mismo, resaltando la importancia de la honestidad contigo mismo.",microsoft azure text translation,Dan
"Las noticias de hoy son la historia de mañana, destacando el flujo continuo de eventos significativos.",microsoft azure text translation,Dan
"Las noticias de hoy son la historia de mañana, mostrando el flujo continuo de los acontecimientos.",microsoft azure text translation,Dan
"La ciencia ficción de hoy es el hecho científico de mañana, destacando cómo la imaginación puede impulsar el desarrollo tecnológico.",microsoft azure text translation,Dan
"Demasiados cocineros estropean el caldo, por lo que a menudo es mejor limitar los contribuyentes.",microsoft azure text translation,Dan
"Viajar amplía la mente, ofreciendo nuevas perspectivas y experiencias.",microsoft azure text translation,Dan
"Viaja ligero y viaja lejos, para que puedas explorar fácilmente más lugares.",microsoft azure text translation,Dan
"Trata a los demás como quieres que te traten a ti, promoviendo el principio de la compasión.",microsoft azure text translation,Dan
"La verdad es subjetiva, lo que implica que cada persona puede percibir la realidad de manera diferente.",microsoft azure text translation,Dan
"Dos cabezas son mejores que una, por lo que colaborar a menudo produce mejores resultados.",microsoft azure text translation,Dan
"Dos cabezas son mejores que una, lo que sugiere que la colaboración produce mejores resultados.",microsoft azure text translation,Dan
"Dos cabezas son mejores que una, lo que sugiere que la colaboración a menudo produce mejores resultados.",microsoft azure text translation,Dan
"Dos más dos siempre es igual a cuatro, lo que demuestra la consistencia de los principios matemáticos.",microsoft azure text translation,Dan
"Unidos resistimos, divididos caemos, subrayando la importancia de la solidaridad en la sociedad.",microsoft azure text translation,Dan
"La variedad es la sal de la vida, fomentando la diversidad en las actividades para una experiencia satisfactoria.",microsoft azure text translation,Dan
"La variedad es la sal de la vida, fomentando la exploración de diferentes culturas y formas artísticas.",microsoft azure text translation,Dan
"La variedad es la sal de la vida, por lo que explorar diferentes culturas enriquece tus experiencias.",microsoft azure text translation,Dan
"La variedad es la sal de la vida, por lo que explorar diferentes lugares enriquece tus experiencias.",microsoft azure text translation,Dan
"La virtud es su propia recompensa, lo que sugiere que las acciones morales son valiosas en sí mismas.",microsoft azure text translation,Dan
"Camina por fe, no por vista, enfatizando la importancia de creer más allá de lo que es visible.",microsoft azure text translation,Dan
"El agua siempre busca su propio nivel, demostrando principios de dinámica de fluidos.",microsoft azure text translation,Dan
"Somos nuestras elecciones, lo que refleja que las decisiones dan forma a nuestras vidas y a nuestro carácter.",microsoft azure text translation,Dan
"Somos lo que hacemos repetidamente, enfatizando el papel de los hábitos en la formación del carácter.",microsoft azure text translation,Dan
"No podemos meternos dos veces en el mismo río, lo que refleja la naturaleza siempre cambiante de la vida y la existencia.",microsoft azure text translation,Dan
"Lo que no te mata te hace más fuerte, enfatizando la resiliencia a través de la adversidad.",microsoft azure text translation,Dan
"Lo que no te mata te hace más fuerte, enfatizando la resiliencia a través de la adversidad.",microsoft azure text translation,Dan
"Lo que va, vuelve, lo que indica que las acciones en la historia a menudo tienen consecuencias a largo plazo.",microsoft azure text translation,Dan
"Lo que va, vuelve, lo que indica que las acciones en la historia a menudo tienen repercusiones a largo plazo.",microsoft azure text translation,Dan
"Lo que va, vuelve, reflejando el principio del karma.",microsoft azure text translation,Dan
"Lo que sube debe bajar, lo que ilustra el concepto de gravedad.",microsoft azure text translation,Dan
"Cuando estés en Roma, haz lo que hacen los romanos, respetando las costumbres y tradiciones locales.",microsoft azure text translation,Dan
"Cuando estés en Roma, haz lo que hacen los romanos, sugiriendo que adaptarte a las costumbres locales es sabio.",microsoft azure text translation,Dan
"Cuando llueve, llueve a cántaros, por lo que es importante estar preparado para los desafíos.",microsoft azure text translation,Dan
"Cuando una puerta se cierra, otra se abre, lo que implica que los finales a menudo conducen a nuevas oportunidades.",microsoft azure text translation,Dan
"Donde hay voluntad, hay un camino, por lo que la determinación es clave para superar los desafíos.",microsoft azure text translation,Dan
"Donde hay humo, hay fuego, lo que indica que las señales a menudo apuntan a un problema o verdad más profundo.",microsoft azure text translation,Dan
"Dondequiera que vayas, allí estás, lo que significa que no puedes escapar de tu propia naturaleza cambiando de ubicación.",microsoft azure text translation,Dan
"Dondequiera que vayas, allí estás, lo que significa que llevas contigo tus propios problemas y fortalezas.",microsoft azure text translation,Dan
"La sabiduría comienza con el asombro, lo que provoca curiosidad y apertura mental.",microsoft azure text translation,Dan
"Un gran poder conlleva una gran responsabilidad, haciendo hincapié en las consideraciones éticas en el avance tecnológico.",microsoft azure text translation,Dan
"Un gran poder conlleva una gran responsabilidad, haciendo hincapié en las consideraciones éticas del avance tecnológico.",microsoft azure text translation,Dan
"Un gran poder conlleva una gran responsabilidad, lo que subraya el deber de usar la influencia sabiamente.",microsoft azure text translation,Dan
"Trabaje de manera más inteligente, no más difícil, para lograr una mejor eficiencia en sus actividades.",microsoft azure text translation,Dan
"Tú eres la compañía que mantienes, así que elige sabiamente a tus amigos.",microsoft azure text translation,Dan
"Eres lo que comes, lo que indica que la nutrición tiene un gran impacto en tu salud.",microsoft azure text translation,Dan
"Eres lo que comes, por lo que mantener una dieta saludable es crucial para el bienestar general.",microsoft azure text translation,Dan
"Eres lo que haces repetidamente, haciendo de los hábitos la base del carácter.",microsoft azure text translation,Dan
"Eres tu peor crítico, a menudo siendo más duro contigo mismo que con los demás.",microsoft azure text translation,Dan
"Puedes atrapar más moscas con miel que con vinagre, por lo que es aconsejable ser amable.",microsoft azure text translation,Dan
"Puedes llevar a un caballo al agua, pero no puedes obligarlo a beber.",microsoft azure text translation,Dan
"No puedes quemar la vela en ambos extremos, ya que el exceso de trabajo conduce al agotamiento.",microsoft azure text translation,Dan
"No se puede juzgar un libro por su portada, porque las apariencias engañan.",microsoft azure text translation,Dan
"No se puede juzgar un libro por su portada, lo que indica que las apariencias engañan.",microsoft azure text translation,Dan
"No se puede juzgar un libro por su portada, lo que significa que las apariencias pueden ser engañosas.",microsoft azure text translation,Dan
"No se puede juzgar un lugar solo por su clima, ya que muchos factores contribuyen a su experiencia general.",microsoft azure text translation,Dan
"No se puede juzgar un lugar solo por su clima, ya que hay muchos factores que contribuyen a su experiencia general.",microsoft azure text translation,Dan
"No puedes hacer una tortilla sin romper algunos huevos, así que acepta algunos contratiempos en la búsqueda del progreso.",microsoft azure text translation,Dan
"No se puede hacer más ejercicio que una mala dieta, por lo que la nutrición es crucial para el estado físico.",microsoft azure text translation,Dan
"No se puede entrenar más que una mala dieta, por lo que la nutrición es clave para estar en forma.",microsoft azure text translation,Dan
"No se puede escapar de una mala dieta, por lo que una nutrición adecuada es vital para mantenerse en forma.",microsoft azure text translation,Dan
"No se puede servir de una taza vacía, enfatizando la necesidad de autocuidado para apoyar a los demás de manera efectiva.",microsoft azure text translation,Dan
"No puedes servir de una taza vacía, así que cuídate primero.",microsoft azure text translation,Dan
"No se puede ver el bosque por los árboles, por lo que es importante ver el panorama general.",microsoft azure text translation,Dan
"No puedes ver el bosque por los árboles, lo que sugiere que podrías perderte el panorama general si te enfocas demasiado en los detalles.",microsoft azure text translation,Dan
"No se pueden enseñar nuevos trucos a un perro viejo, lo que implica que es difícil cambiar los hábitos o formas de pensar establecidos.",microsoft azure text translation,Dan
"Obtienes lo que pagas, por lo que a menudo vale la pena invertir en calidad.",microsoft azure text translation,Dan
"Fallas el 100% de los tiros que no haces, así que aprovecha las oportunidades cuando surjan.",microsoft azure text translation,Dan
"Solo se vive una vez, por lo que cuidar de la salud debe ser una prioridad.",microsoft azure text translation,Dan
"Cosechas lo que siembras, enfatizando los resultados directamente vinculados a tus esfuerzos.",microsoft azure text translation,Dan
"Cosechas lo que siembras, lo que indica que tus acciones determinan tus resultados.",microsoft azure text translation,Dan
"Cosechas lo que siembras, por lo que tus acciones tendrán consecuencias.",microsoft azure text translation,Dan
Siempre debes tratar a los demás como quieres que te traten a ti.,microsoft azure text translation,Dan
No debes juzgar un libro por su portada.,microsoft azure text translation,Dan
